,Saturday Hamline Park,Saturday Black Hart,Sunday Hamline Park
North Star Health Collective,x,,x
Rising Waters Mutual Aid ,x,,x
Feline Rescue ,x,,x
Candles & Crafts by HRT ,,x,x
Rotten Banana Crafts ,x,,x
Sass By Cass LLC ,x,x,x
Hamline Midway Coalition,x,,x
Literary Arts Table ,x,,x
Whispurrwoods LLC ,x,,x
Danny & ,,x,x
Shelf Indulgence ,,,x
Solo Cut Art ,x,,x
Marigold Tarot and Oracle ,x,,x
Foragers Grim ,x,,x
Baye’s Vintage and Thrift ,x,,x
TACHIO ,x,,x
Cornet Canvas and Ink ,x,,x
Skywoman Visuals LLC ,,,x
Benton Designs ,x,,x
Derrek Garfield ,x,,x
High School of Recording Arts ,x,,x
Young Dance ,x,,x
By Mary Makes ,x,,x
Fire Press Library ,,,x
Elpis Enterprises ,x,,
Triple Joy Studio ,x,x,
Vintage Poole Art Workshop ,x,,
Arcane Anvil Workshop ,x,,
Mosaic on a Stick Workshop ,x,,
Rubylith Art ,x,,
Saturn Keeps Spinning ,x,,
Ivy Sendrijas ,x,,
Lost then Found Art ,x,,
Weird Kid Pottery ,x,,
Dead Ends ,x,,
Bjorklund visual arts,,x,
Botanica el Punto,,x,
Kuriosities by kat,,x,
Eggroll Queen Food Truck,x,,
High Society Eats Food Truck,,,x
Kozak Corner Food Truck,,,x
Sweet Fruci Ice Cream Truck,,,x